scaling_factor,k,dataset:0,dataset:1,dataset:2,dataset:3,dataset:4,dataset:5,glue-cola,glue-mnli,glue-mrpc,glue-qqp,glue-rte,glue-sst2,glue-stsb
0.0,0.25,glue-cola,glue-mnli,glue-mrpc,glue-qqp,glue-rte,glue-sst2,0.0,0.0,0.0,0.0,0.0,0.0,
0.1,0.25,glue-cola,glue-mnli,glue-mrpc,glue-qqp,glue-rte,glue-sst2,0.0,0.0,0.0,0.0,0.0,0.0,
0.2,0.25,glue-cola,glue-mnli,glue-mrpc,glue-qqp,glue-rte,glue-sst2,0.0,0.0,0.0,0.0,0.0,0.0,
0.30000000000000004,0.25,glue-cola,glue-mnli,glue-mrpc,glue-qqp,glue-rte,glue-sst2,0.0,0.0,0.0,0.0,0.0,0.0011467889908256881,
0.4,0.25,glue-cola,glue-mnli,glue-mrpc,glue-qqp,glue-rte,glue-sst2,0.027804410354745925,0.0,0.0,0.0,0.0,0.05619266055045872,
0.5,0.25,glue-cola,glue-mnli,glue-mrpc,glue-qqp,glue-rte,glue-sst2,0.16586768935762225,0.0,0.0,0.0,0.0,0.32339449541284404,
0.6000000000000001,0.25,glue-cola,glue-mnli,glue-mrpc,glue-qqp,glue-rte,glue-sst2,0.21188878235858102,0.005,0.0,0.0,0.1444043321299639,0.4793577981651376,
0.7000000000000001,0.25,glue-cola,glue-mnli,glue-mrpc,glue-qqp,glue-rte,glue-sst2,0.15915627996164908,0.13125,0.0024509803921568627,0.0,0.2924187725631769,0.32454128440366975,
0.8,0.25,glue-cola,glue-mnli,glue-mrpc,glue-qqp,glue-rte,glue-sst2,0.09395973154362416,0.2425,0.007352941176470588,0.000625,0.3862815884476534,0.15022935779816513,
0.9,0.25,glue-cola,glue-mnli,glue-mrpc,glue-qqp,glue-rte,glue-sst2,0.05560882070949185,0.2325,0.022058823529411766,0.056875,0.5523465703971119,0.06077981651376147,
1.0,0.25,glue-cola,glue-mnli,glue-mrpc,glue-qqp,glue-rte,glue-sst2,0.031639501438159155,0.221875,0.0392156862745098,0.19625,0.5595667870036101,0.022935779816513763,
0.0,0.5,glue-cola,glue-mnli,glue-mrpc,glue-qqp,glue-rte,glue-sst2,0.0,0.0,0.0,0.0,0.0,0.0,
0.1,0.5,glue-cola,glue-mnli,glue-mrpc,glue-qqp,glue-rte,glue-sst2,0.0,0.0,0.0,0.0,0.0,0.0,
0.2,0.5,glue-cola,glue-mnli,glue-mrpc,glue-qqp,glue-rte,glue-sst2,0.0,0.0,0.0,0.0,0.0,0.0,
0.30000000000000004,0.5,glue-cola,glue-mnli,glue-mrpc,glue-qqp,glue-rte,glue-sst2,0.0,0.0,0.0,0.0,0.0,0.0,
0.4,0.5,glue-cola,glue-mnli,glue-mrpc,glue-qqp,glue-rte,glue-sst2,0.015340364333652923,0.0,0.0,0.0,0.0,0.026376146788990827,
0.5,0.5,glue-cola,glue-mnli,glue-mrpc,glue-qqp,glue-rte,glue-sst2,0.15148609779482264,0.0,0.0,0.0,0.06859205776173286,0.23853211009174313,
0.6000000000000001,0.5,glue-cola,glue-mnli,glue-mrpc,glue-qqp,glue-rte,glue-sst2,0.2809204218600192,0.009375,0.04411764705882353,0.023125,0.2743682310469314,0.5080275229357798,
0.7000000000000001,0.5,glue-cola,glue-mnli,glue-mrpc,glue-qqp,glue-rte,glue-sst2,0.2579098753595398,0.1125,0.25245098039215685,0.316875,0.33212996389891697,0.49426605504587157,
0.8,0.5,glue-cola,glue-mnli,glue-mrpc,glue-qqp,glue-rte,glue-sst2,0.17929050814956854,0.23625,0.30392156862745096,0.540625,0.30685920577617326,0.30160550458715596,
0.9,0.5,glue-cola,glue-mnli,glue-mrpc,glue-qqp,glue-rte,glue-sst2,0.11697027804410355,0.241875,0.3088235294117647,0.613125,0.22382671480144403,0.15481651376146788,
1.0,0.5,glue-cola,glue-mnli,glue-mrpc,glue-qqp,glue-rte,glue-sst2,0.06807286673058485,0.23,0.3112745098039216,0.63,0.15162454873646208,0.07339449541284404,
0.0,0.75,glue-cola,glue-mnli,glue-mrpc,glue-qqp,glue-rte,glue-sst2,0.0,0.0,0.0,0.0,0.0,0.0,
0.1,0.75,glue-cola,glue-mnli,glue-mrpc,glue-qqp,glue-rte,glue-sst2,0.0,0.0,0.0,0.0,0.0,0.0,
0.2,0.75,glue-cola,glue-mnli,glue-mrpc,glue-qqp,glue-rte,glue-sst2,0.0,0.0,0.0,0.0,0.0,0.0,
0.30000000000000004,0.75,glue-cola,glue-mnli,glue-mrpc,glue-qqp,glue-rte,glue-sst2,0.0,0.0,0.0,0.0,0.0,0.0,
0.4,0.75,glue-cola,glue-mnli,glue-mrpc,glue-qqp,glue-rte,glue-sst2,0.0,0.0,0.0,0.0,0.0,0.006880733944954129,
0.5,0.75,glue-cola,glue-mnli,glue-mrpc,glue-qqp,glue-rte,glue-sst2,0.04985618408437201,0.0,0.0,0.0,0.007220216606498195,0.12270642201834862,
0.6000000000000001,0.75,glue-cola,glue-mnli,glue-mrpc,glue-qqp,glue-rte,glue-sst2,0.19942473633748803,0.0,0.0024509803921568627,0.0,0.11191335740072202,0.40022935779816515,
0.7000000000000001,0.75,glue-cola,glue-mnli,glue-mrpc,glue-qqp,glue-rte,glue-sst2,0.2473633748801534,0.01,0.0392156862745098,0.0175,0.2996389891696751,0.5745412844036697,
0.8,0.75,glue-cola,glue-mnli,glue-mrpc,glue-qqp,glue-rte,glue-sst2,0.20613614573346117,0.091875,0.21323529411764705,0.2175,0.3285198555956679,0.49770642201834864,
0.9,0.75,glue-cola,glue-mnli,glue-mrpc,glue-qqp,glue-rte,glue-sst2,0.14285714285714285,0.205,0.30637254901960786,0.44375,0.2996389891696751,0.31077981651376146,
1.0,0.75,glue-cola,glue-mnli,glue-mrpc,glue-qqp,glue-rte,glue-sst2,0.08053691275167785,0.22375,0.3088235294117647,0.5425,0.24187725631768953,0.16399082568807338,
0.0,1.0,glue-cola,glue-mnli,glue-mrpc,glue-qqp,glue-rte,glue-sst2,0.0,0.0,0.0,0.0,0.0,0.0,
0.1,1.0,glue-cola,glue-mnli,glue-mrpc,glue-qqp,glue-rte,glue-sst2,0.0,0.0,0.0,0.0,0.0,0.0,
0.2,1.0,glue-cola,glue-mnli,glue-mrpc,glue-qqp,glue-rte,glue-sst2,0.0,0.0,0.0,0.0,0.0,0.0,
0.30000000000000004,1.0,glue-cola,glue-mnli,glue-mrpc,glue-qqp,glue-rte,glue-sst2,0.0,0.0,0.0,0.0,0.0,0.0,
0.4,1.0,glue-cola,glue-mnli,glue-mrpc,glue-qqp,glue-rte,glue-sst2,0.0,0.0,0.0,0.0,0.0,0.0034403669724770644,
0.5,1.0,glue-cola,glue-mnli,glue-mrpc,glue-qqp,glue-rte,glue-sst2,0.023969319271332695,0.0,0.0,0.0,0.0,0.06995412844036697,
0.6000000000000001,1.0,glue-cola,glue-mnli,glue-mrpc,glue-qqp,glue-rte,glue-sst2,0.11888782358581017,0.0,0.0,0.0,0.02888086642599278,0.30275229357798167,
0.7000000000000001,1.0,glue-cola,glue-mnli,glue-mrpc,glue-qqp,glue-rte,glue-sst2,0.20901246404602108,0.00125,0.0024509803921568627,0.0,0.19133574007220217,0.5447247706422018,
0.8,1.0,glue-cola,glue-mnli,glue-mrpc,glue-qqp,glue-rte,glue-sst2,0.20134228187919462,0.023125,0.05392156862745098,0.02875,0.296028880866426,0.569954128440367,
0.9,1.0,glue-cola,glue-mnli,glue-mrpc,glue-qqp,glue-rte,glue-sst2,0.15052732502396932,0.114375,0.2107843137254902,0.21,0.3176895306859206,0.41743119266055045,
1.0,1.0,glue-cola,glue-mnli,glue-mrpc,glue-qqp,glue-rte,glue-sst2,0.08820709491850431,0.201875,0.3014705882352941,0.405,0.30324909747292417,0.2603211009174312,
0.0,0.25,glue-cola,glue-mnli,glue-mrpc,glue-qqp,glue-rte,glue-stsb,0.0,0.0,0.0,0.0,0.0,0.0,
0.1,0.25,glue-cola,glue-mnli,glue-mrpc,glue-qqp,glue-rte,glue-stsb,0.0,0.0,0.0,0.0,0.0,0.0,
0.2,0.25,glue-cola,glue-mnli,glue-mrpc,glue-qqp,glue-rte,glue-stsb,0.0,0.0,0.0,0.0,0.0,0.0,
0.30000000000000004,0.25,glue-cola,glue-mnli,glue-mrpc,glue-qqp,glue-rte,glue-stsb,0.0,0.0,0.0,0.0,0.0,0.0,
0.4,0.25,glue-cola,glue-mnli,glue-mrpc,glue-qqp,glue-rte,glue-stsb,0.005752636625119847,0.0,0.0,0.0,0.0,0.0,
0.5,0.25,glue-cola,glue-mnli,glue-mrpc,glue-qqp,glue-rte,glue-stsb,0.028763183125599234,0.0,0.0,0.0,0.0,0.0,0.2632393866873629
0.6000000000000001,0.25,glue-cola,glue-mnli,glue-mrpc,glue-qqp,glue-rte,glue-stsb,0.031639501438159155,0.0,0.0,0.0,0.02888086642599278,0.0,0.5113691378939755
0.7000000000000001,0.25,glue-cola,glue-mnli,glue-mrpc,glue-qqp,glue-rte,glue-stsb,0.016299137104506232,0.015625,0.0,0.0,0.19494584837545126,0.0,0.6102516970094857
0.8,0.25,glue-cola,glue-mnli,glue-mrpc,glue-qqp,glue-rte,glue-stsb,0.0028763183125599234,0.096875,0.0,0.0,0.30324909747292417,0.0,0.6372536774277489
0.9,0.25,glue-cola,glue-mnli,glue-mrpc,glue-qqp,glue-rte,glue-stsb,0.0,0.11,0.0024509803921568627,0.0,0.19855595667870035,0.0,0.6536478224602228
1.0,0.25,glue-cola,glue-mnli,glue-mrpc,glue-qqp,glue-rte,glue-stsb,0.0,0.08625,0.0196078431372549,0.0,0.23465703971119134,0.0,0.6523170730605266
0.0,0.5,glue-cola,glue-mnli,glue-mrpc,glue-qqp,glue-rte,glue-stsb,0.0,0.0,0.0,0.0,0.0,0.0,
0.1,0.5,glue-cola,glue-mnli,glue-mrpc,glue-qqp,glue-rte,glue-stsb,0.0,0.0,0.0,0.0,0.0,0.0,
0.2,0.5,glue-cola,glue-mnli,glue-mrpc,glue-qqp,glue-rte,glue-stsb,0.0,0.0,0.0,0.0,0.0,0.0,
0.30000000000000004,0.5,glue-cola,glue-mnli,glue-mrpc,glue-qqp,glue-rte,glue-stsb,0.0,0.0,0.0,0.0,0.0,0.0,
0.4,0.5,glue-cola,glue-mnli,glue-mrpc,glue-qqp,glue-rte,glue-stsb,0.0009587727708533077,0.0,0.0,0.0,0.0,0.0,
0.5,0.5,glue-cola,glue-mnli,glue-mrpc,glue-qqp,glue-rte,glue-stsb,0.03451581975071908,0.0,0.0,0.0,0.021660649819494584,0.0,0.09610612578549502
0.6000000000000001,0.5,glue-cola,glue-mnli,glue-mrpc,glue-qqp,glue-rte,glue-stsb,0.045062320230105465,0.001875,0.0,0.0,0.22021660649819494,0.0,0.34804709337675827
0.7000000000000001,0.5,glue-cola,glue-mnli,glue-mrpc,glue-qqp,glue-rte,glue-stsb,0.027804410354745925,0.0475,0.024509803921568627,0.000625,0.3862815884476534,0.0,0.4602509244337078
0.8,0.5,glue-cola,glue-mnli,glue-mrpc,glue-qqp,glue-rte,glue-stsb,0.016299137104506232,0.17125,0.18872549019607843,0.0375,0.4007220216606498,0.0,0.5047178256329798
0.9,0.5,glue-cola,glue-mnli,glue-mrpc,glue-qqp,glue-rte,glue-stsb,0.0028763183125599234,0.240625,0.24754901960784315,0.129375,0.36823104693140796,0.0,0.5403489761755355
1.0,0.5,glue-cola,glue-mnli,glue-mrpc,glue-qqp,glue-rte,glue-stsb,0.0,0.236875,0.25980392156862747,0.1975,0.2888086642599278,0.0,0.5747024318340684
0.0,0.75,glue-cola,glue-mnli,glue-mrpc,glue-qqp,glue-rte,glue-stsb,0.0,0.0,0.0,0.0,0.0,0.0,
0.1,0.75,glue-cola,glue-mnli,glue-mrpc,glue-qqp,glue-rte,glue-stsb,0.0,0.0,0.0,0.0,0.0,0.0,
0.2,0.75,glue-cola,glue-mnli,glue-mrpc,glue-qqp,glue-rte,glue-stsb,0.0,0.0,0.0,0.0,0.0,0.0,
0.30000000000000004,0.75,glue-cola,glue-mnli,glue-mrpc,glue-qqp,glue-rte,glue-stsb,0.0,0.0,0.0,0.0,0.0,0.0,
0.4,0.75,glue-cola,glue-mnli,glue-mrpc,glue-qqp,glue-rte,glue-stsb,0.0,0.0,0.0,0.0,0.0,0.0,
0.5,0.75,glue-cola,glue-mnli,glue-mrpc,glue-qqp,glue-rte,glue-stsb,0.00862895493767977,0.0,0.0,0.0,0.007220216606498195,0.0,
0.6000000000000001,0.75,glue-cola,glue-mnli,glue-mrpc,glue-qqp,glue-rte,glue-stsb,0.030680728667305847,0.0,0.0,0.0,0.10469314079422383,0.0,0.11062186513592312
0.7000000000000001,0.75,glue-cola,glue-mnli,glue-mrpc,glue-qqp,glue-rte,glue-stsb,0.03355704697986577,0.006875,0.0024509803921568627,0.0,0.3140794223826715,0.0,0.2966834242731
0.8,0.75,glue-cola,glue-mnli,glue-mrpc,glue-qqp,glue-rte,glue-stsb,0.019175455417066157,0.063125,0.022058823529411766,0.00375,0.41155234657039713,0.0,0.3557410627693019
0.9,0.75,glue-cola,glue-mnli,glue-mrpc,glue-qqp,glue-rte,glue-stsb,0.004793863854266539,0.189375,0.1568627450980392,0.055,0.4007220216606498,0.0,0.36098892689444695
1.0,0.75,glue-cola,glue-mnli,glue-mrpc,glue-qqp,glue-rte,glue-stsb,0.0,0.25375,0.25,0.140625,0.3862815884476534,0.0,0.3636354099459771
0.0,1.0,glue-cola,glue-mnli,glue-mrpc,glue-qqp,glue-rte,glue-stsb,0.0,0.0,0.0,0.0,0.0,0.0,
0.1,1.0,glue-cola,glue-mnli,glue-mrpc,glue-qqp,glue-rte,glue-stsb,0.0,0.0,0.0,0.0,0.0,0.0,
0.2,1.0,glue-cola,glue-mnli,glue-mrpc,glue-qqp,glue-rte,glue-stsb,0.0,0.0,0.0,0.0,0.0,0.0,
0.30000000000000004,1.0,glue-cola,glue-mnli,glue-mrpc,glue-qqp,glue-rte,glue-stsb,0.0,0.0,0.0,0.0,0.0,0.0,
0.4,1.0,glue-cola,glue-mnli,glue-mrpc,glue-qqp,glue-rte,glue-stsb,0.0,0.0,0.0,0.0,0.0,0.0,
0.5,1.0,glue-cola,glue-mnli,glue-mrpc,glue-qqp,glue-rte,glue-stsb,0.0019175455417066154,0.0,0.0,0.0,0.0036101083032490976,0.0,
0.6000000000000001,1.0,glue-cola,glue-mnli,glue-mrpc,glue-qqp,glue-rte,glue-stsb,0.01821668264621285,0.0,0.0,0.0,0.04693140794223827,0.0,0.047493640419864334
0.7000000000000001,1.0,glue-cola,glue-mnli,glue-mrpc,glue-qqp,glue-rte,glue-stsb,0.030680728667305847,0.000625,0.0,0.0,0.23104693140794225,0.0,0.1767526073366483
0.8,1.0,glue-cola,glue-mnli,glue-mrpc,glue-qqp,glue-rte,glue-stsb,0.023010546500479387,0.019375,0.0024509803921568627,0.000625,0.38267148014440433,0.0,0.2620146912039224
0.9,1.0,glue-cola,glue-mnli,glue-mrpc,glue-qqp,glue-rte,glue-stsb,0.007670182166826462,0.105,0.03676470588235294,0.008125,0.40794223826714804,0.0,0.3000386443480285
1.0,1.0,glue-cola,glue-mnli,glue-mrpc,glue-qqp,glue-rte,glue-stsb,0.0009587727708533077,0.216875,0.17401960784313725,0.061875,0.4007220216606498,0.0,0.29137599565038286
0.0,0.25,glue-cola,glue-mnli,glue-mrpc,glue-qqp,glue-sst2,glue-stsb,0.0,0.0,0.0,0.0,0.0,0.0,
0.1,0.25,glue-cola,glue-mnli,glue-mrpc,glue-qqp,glue-sst2,glue-stsb,0.0,0.0,0.0,0.0,0.0,0.0,
0.2,0.25,glue-cola,glue-mnli,glue-mrpc,glue-qqp,glue-sst2,glue-stsb,0.0,0.0,0.0,0.0,0.0,0.0,
0.30000000000000004,0.25,glue-cola,glue-mnli,glue-mrpc,glue-qqp,glue-sst2,glue-stsb,0.0,0.0,0.0,0.0,0.0,0.0,
0.4,0.25,glue-cola,glue-mnli,glue-mrpc,glue-qqp,glue-sst2,glue-stsb,0.012464046021093002,0.0,0.0,0.0,0.0,0.020642201834862386,0.047493640419864334
0.5,0.25,glue-cola,glue-mnli,glue-mrpc,glue-qqp,glue-sst2,glue-stsb,0.12272291466922339,0.0,0.0,0.0,0.0,0.09977064220183486,0.33675739374095115
0.6000000000000001,0.25,glue-cola,glue-mnli,glue-mrpc,glue-qqp,glue-sst2,glue-stsb,0.24448705656759348,0.003125,0.0,0.0,0.0,0.19610091743119265,0.6300479483803988
0.7000000000000001,0.25,glue-cola,glue-mnli,glue-mrpc,glue-qqp,glue-sst2,glue-stsb,0.23585810162991372,0.01625,0.0,0.0,0.0,0.2190366972477064,0.7180191711976719
0.8,0.25,glue-cola,glue-mnli,glue-mrpc,glue-qqp,glue-sst2,glue-stsb,0.1610738255033557,0.02875,0.0,0.0,0.0,0.1536697247706422,0.7388024348396471
0.9,0.25,glue-cola,glue-mnli,glue-mrpc,glue-qqp,glue-sst2,glue-stsb,0.11025886864813039,0.0275,0.0,0.0,0.0,0.0676605504587156,0.7298404083641211
1.0,0.25,glue-cola,glue-mnli,glue-mrpc,glue-qqp,glue-sst2,glue-stsb,0.07861936720997123,0.02625,0.0,0.0,0.0,0.020642201834862386,0.7195119238016846
0.0,0.5,glue-cola,glue-mnli,glue-mrpc,glue-qqp,glue-sst2,glue-stsb,0.0,0.0,0.0,0.0,0.0,0.0,
0.1,0.5,glue-cola,glue-mnli,glue-mrpc,glue-qqp,glue-sst2,glue-stsb,0.0,0.0,0.0,0.0,0.0,0.0,
0.2,0.5,glue-cola,glue-mnli,glue-mrpc,glue-qqp,glue-sst2,glue-stsb,0.0,0.0,0.0,0.0,0.0,0.0,
0.30000000000000004,0.5,glue-cola,glue-mnli,glue-mrpc,glue-qqp,glue-sst2,glue-stsb,0.0,0.0,0.0,0.0,0.0,0.0,
0.4,0.5,glue-cola,glue-mnli,glue-mrpc,glue-qqp,glue-sst2,glue-stsb,0.003835091083413231,0.0,0.0,0.0,0.0,0.010321100917431193,
0.5,0.5,glue-cola,glue-mnli,glue-mrpc,glue-qqp,glue-sst2,glue-stsb,0.08053691275167785,0.0,0.0,0.0,0.0,0.07224770642201835,0.18272136748087064
0.6000000000000001,0.5,glue-cola,glue-mnli,glue-mrpc,glue-qqp,glue-sst2,glue-stsb,0.2694151486097795,0.0,0.0,0.0,0.0,0.18922018348623854,0.5295998879013947
0.7000000000000001,0.5,glue-cola,glue-mnli,glue-mrpc,glue-qqp,glue-sst2,glue-stsb,0.3422818791946309,0.0075,0.012254901960784314,0.0,0.0,0.2775229357798165,0.6808985226022956
0.8,0.5,glue-cola,glue-mnli,glue-mrpc,glue-qqp,glue-sst2,glue-stsb,0.29913710450623204,0.029375,0.1715686274509804,0.00125,0.0036101083032490976,0.268348623853211,0.7259415722800783
0.9,0.5,glue-cola,glue-mnli,glue-mrpc,glue-qqp,glue-sst2,glue-stsb,0.24256951102588686,0.049375,0.22794117647058823,0.015,0.0,0.18807339449541285,0.7444059037412324
1.0,0.5,glue-cola,glue-mnli,glue-mrpc,glue-qqp,glue-sst2,glue-stsb,0.174496644295302,0.04125,0.23774509803921567,0.028125,0.0,0.11238532110091744,0.742244003119205
0.0,0.75,glue-cola,glue-mnli,glue-mrpc,glue-qqp,glue-sst2,glue-stsb,0.0,0.0,0.0,0.0,0.0,0.0,
0.1,0.75,glue-cola,glue-mnli,glue-mrpc,glue-qqp,glue-sst2,glue-stsb,0.0,0.0,0.0,0.0,0.0,0.0,
0.2,0.75,glue-cola,glue-mnli,glue-mrpc,glue-qqp,glue-sst2,glue-stsb,0.0,0.0,0.0,0.0,0.0,0.0,
0.30000000000000004,0.75,glue-cola,glue-mnli,glue-mrpc,glue-qqp,glue-sst2,glue-stsb,0.0,0.0,0.0,0.0,0.0,0.0,
0.4,0.75,glue-cola,glue-mnli,glue-mrpc,glue-qqp,glue-sst2,glue-stsb,0.0,0.0,0.0,0.0,0.0,0.0045871559633027525,
0.5,0.75,glue-cola,glue-mnli,glue-mrpc,glue-qqp,glue-sst2,glue-stsb,0.023010546500479387,0.0,0.0,0.0,0.0,0.04931192660550459,0.0267500194504762
0.6000000000000001,0.75,glue-cola,glue-mnli,glue-mrpc,glue-qqp,glue-sst2,glue-stsb,0.1486097794822627,0.0,0.0,0.0,0.0,0.16399082568807338,0.20315719433393248
0.7000000000000001,0.75,glue-cola,glue-mnli,glue-mrpc,glue-qqp,glue-sst2,glue-stsb,0.3096836049856184,0.000625,0.0,0.0,0.0,0.30963302752293576,0.47522334246669484
0.8,0.75,glue-cola,glue-mnli,glue-mrpc,glue-qqp,glue-sst2,glue-stsb,0.3480345158197507,0.01125,0.00980392156862745,0.0,0.0,0.37729357798165136,0.6455059140851341
0.9,0.75,glue-cola,glue-mnli,glue-mrpc,glue-qqp,glue-sst2,glue-stsb,0.3000958772770853,0.031875,0.15196078431372548,0.001875,0.007220216606498195,0.36811926605504586,0.7035515874821321
1.0,0.75,glue-cola,glue-mnli,glue-mrpc,glue-qqp,glue-sst2,glue-stsb,0.24256951102588686,0.0475,0.23039215686274508,0.014375,0.0,0.2855504587155963,0.7249848038503321
0.0,1.0,glue-cola,glue-mnli,glue-mrpc,glue-qqp,glue-sst2,glue-stsb,0.0,0.0,0.0,0.0,0.0,0.0,
0.1,1.0,glue-cola,glue-mnli,glue-mrpc,glue-qqp,glue-sst2,glue-stsb,0.0,0.0,0.0,0.0,0.0,0.0,
0.2,1.0,glue-cola,glue-mnli,glue-mrpc,glue-qqp,glue-sst2,glue-stsb,0.0,0.0,0.0,0.0,0.0,0.0,
0.30000000000000004,1.0,glue-cola,glue-mnli,glue-mrpc,glue-qqp,glue-sst2,glue-stsb,0.0,0.0,0.0,0.0,0.0,0.0,
0.4,1.0,glue-cola,glue-mnli,glue-mrpc,glue-qqp,glue-sst2,glue-stsb,0.0,0.0,0.0,0.0,0.0,0.0,
0.5,1.0,glue-cola,glue-mnli,glue-mrpc,glue-qqp,glue-sst2,glue-stsb,0.010546500479386385,0.0,0.0,0.0,0.0,0.033256880733944956,
0.6000000000000001,1.0,glue-cola,glue-mnli,glue-mrpc,glue-qqp,glue-sst2,glue-stsb,0.087248322147651,0.0,0.0,0.0,0.0,0.13188073394495411,0.047493640419864334
0.7000000000000001,1.0,glue-cola,glue-mnli,glue-mrpc,glue-qqp,glue-sst2,glue-stsb,0.25599232981783315,0.0,0.0,0.0,0.0,0.29243119266055045,0.26423529120572775
0.8,1.0,glue-cola,glue-mnli,glue-mrpc,glue-qqp,glue-sst2,glue-stsb,0.33844678811121764,0.005,0.0,0.0,0.0,0.4105504587155963,0.5183016906321591
0.9,1.0,glue-cola,glue-mnli,glue-mrpc,glue-qqp,glue-sst2,glue-stsb,0.3288590604026846,0.015625,0.012254901960784314,0.0,0.0036101083032490976,0.44954128440366975,0.651280119382122
1.0,1.0,glue-cola,glue-mnli,glue-mrpc,glue-qqp,glue-sst2,glue-stsb,0.2694151486097795,0.0375,0.13725490196078433,0.0025,0.007220216606498195,0.41628440366972475,0.697112027648998
0.0,0.25,glue-cola,glue-mnli,glue-mrpc,glue-rte,glue-sst2,glue-stsb,0.0,0.0,0.0,0.0,0.0,0.0,
0.1,0.25,glue-cola,glue-mnli,glue-mrpc,glue-rte,glue-sst2,glue-stsb,0.0,0.0,0.0,0.0,0.0,0.0,
0.2,0.25,glue-cola,glue-mnli,glue-mrpc,glue-rte,glue-sst2,glue-stsb,0.0,0.0,0.0,0.0,0.0,0.0,
0.30000000000000004,0.25,glue-cola,glue-mnli,glue-mrpc,glue-rte,glue-sst2,glue-stsb,0.0,0.0,0.0,0.0,0.0,0.0,
0.4,0.25,glue-cola,glue-mnli,glue-mrpc,glue-rte,glue-sst2,glue-stsb,0.020134228187919462,0.0,0.0,0.0,0.0,0.006880733944954129,0.0267500194504762
0.5,0.25,glue-cola,glue-mnli,glue-mrpc,glue-rte,glue-sst2,glue-stsb,0.16778523489932887,0.0,0.0,0.0,0.0,0.028669724770642203,0.3329263489383034
0.6000000000000001,0.25,glue-cola,glue-mnli,glue-mrpc,glue-rte,glue-sst2,glue-stsb,0.3317353787152445,0.0025,0.0,0.0,0.09025270758122744,0.033256880733944956,0.5726526139154269
0.7000000000000001,0.25,glue-cola,glue-mnli,glue-mrpc,glue-rte,glue-sst2,glue-stsb,0.3231064237775647,0.070625,0.0,0.0,0.3285198555956679,0.016055045871559634,0.6498615374942098
0.8,0.25,glue-cola,glue-mnli,glue-mrpc,glue-rte,glue-sst2,glue-stsb,0.2694151486097795,0.201875,0.0,0.0,0.3898916967509025,0.0022935779816513763,0.6929496472061396
0.9,0.25,glue-cola,glue-mnli,glue-mrpc,glue-rte,glue-sst2,glue-stsb,0.2099712368168744,0.24125,0.0,0.0,0.35018050541516244,0.0,0.729347641987497
1.0,0.25,glue-cola,glue-mnli,glue-mrpc,glue-rte,glue-sst2,glue-stsb,0.1601150527325024,0.218125,0.0,0.0,0.30324909747292417,0.0,0.7572453476444028
0.0,0.5,glue-cola,glue-mnli,glue-mrpc,glue-rte,glue-sst2,glue-stsb,0.0,0.0,0.0,0.0,0.0,0.0,
0.1,0.5,glue-cola,glue-mnli,glue-mrpc,glue-rte,glue-sst2,glue-stsb,0.0,0.0,0.0,0.0,0.0,0.0,
0.2,0.5,glue-cola,glue-mnli,glue-mrpc,glue-rte,glue-sst2,glue-stsb,0.0,0.0,0.0,0.0,0.0,0.0,
0.30000000000000004,0.5,glue-cola,glue-mnli,glue-mrpc,glue-rte,glue-sst2,glue-stsb,0.0,0.0,0.0,0.0,0.0,0.0,
0.4,0.5,glue-cola,glue-mnli,glue-mrpc,glue-rte,glue-sst2,glue-stsb,0.009587727708533078,0.0,0.0,0.0,0.0,0.0011467889908256881,
0.5,0.5,glue-cola,glue-mnli,glue-mrpc,glue-rte,glue-sst2,glue-stsb,0.10258868648130393,0.0,0.0,0.0,0.04693140794223827,0.02408256880733945,0.18731183465561402
0.6000000000000001,0.5,glue-cola,glue-mnli,glue-mrpc,glue-rte,glue-sst2,glue-stsb,0.3068072866730585,0.004375,0.0,0.0,0.26714801444043323,0.03555045871559633,0.43924752267603795
0.7000000000000001,0.5,glue-cola,glue-mnli,glue-mrpc,glue-rte,glue-sst2,glue-stsb,0.3883029721955896,0.086875,0.0,0.0,0.41155234657039713,0.03669724770642202,0.5537324202697645
0.8,0.5,glue-cola,glue-mnli,glue-mrpc,glue-rte,glue-sst2,glue-stsb,0.36625119846596355,0.24125,0.06862745098039216,0.0,0.44404332129963897,0.0194954128440367,0.6062204594056897
0.9,0.5,glue-cola,glue-mnli,glue-mrpc,glue-rte,glue-sst2,glue-stsb,0.2972195589645254,0.328125,0.15441176470588236,0.0,0.48014440433212996,0.0045871559633027525,0.6371942367827926
1.0,0.5,glue-cola,glue-mnli,glue-mrpc,glue-rte,glue-sst2,glue-stsb,0.23969319271332695,0.345,0.18382352941176472,0.0,0.49097472924187724,0.0,0.6678139414770982
0.0,0.75,glue-cola,glue-mnli,glue-mrpc,glue-rte,glue-sst2,glue-stsb,0.0,0.0,0.0,0.0,0.0,0.0,
0.1,0.75,glue-cola,glue-mnli,glue-mrpc,glue-rte,glue-sst2,glue-stsb,0.0,0.0,0.0,0.0,0.0,0.0,
0.2,0.75,glue-cola,glue-mnli,glue-mrpc,glue-rte,glue-sst2,glue-stsb,0.0,0.0,0.0,0.0,0.0,0.0,
0.30000000000000004,0.75,glue-cola,glue-mnli,glue-mrpc,glue-rte,glue-sst2,glue-stsb,0.0,0.0,0.0,0.0,0.0,0.0,
0.4,0.75,glue-cola,glue-mnli,glue-mrpc,glue-rte,glue-sst2,glue-stsb,0.0009587727708533077,0.0,0.0,0.0,0.0,0.0011467889908256881,
0.5,0.75,glue-cola,glue-mnli,glue-mrpc,glue-rte,glue-sst2,glue-stsb,0.03547459252157239,0.0,0.0,0.0,0.007220216606498195,0.017201834862385322,0.0267500194504762
0.6000000000000001,0.75,glue-cola,glue-mnli,glue-mrpc,glue-rte,glue-sst2,glue-stsb,0.1725790987535954,0.0,0.0,0.0,0.13357400722021662,0.0389908256880734,0.18509271986483503
0.7000000000000001,0.75,glue-cola,glue-mnli,glue-mrpc,glue-rte,glue-sst2,glue-stsb,0.3374880153403643,0.0075,0.0,0.0,0.33574007220216606,0.058486238532110095,0.37050636368490525
0.8,0.75,glue-cola,glue-mnli,glue-mrpc,glue-rte,glue-sst2,glue-stsb,0.37392138063279,0.09375,0.0,0.0,0.4296028880866426,0.04931192660550459,0.4394929612706612
0.9,0.75,glue-cola,glue-mnli,glue-mrpc,glue-rte,glue-sst2,glue-stsb,0.3374880153403643,0.246875,0.03676470588235294,0.0,0.44765342960288806,0.02981651376146789,0.4837006833270581
1.0,0.75,glue-cola,glue-mnli,glue-mrpc,glue-rte,glue-sst2,glue-stsb,0.27325023969319273,0.33125,0.13970588235294118,0.0,0.5018050541516246,0.011467889908256881,0.5090641603810975
0.0,1.0,glue-cola,glue-mnli,glue-mrpc,glue-rte,glue-sst2,glue-stsb,0.0,0.0,0.0,0.0,0.0,0.0,
0.1,1.0,glue-cola,glue-mnli,glue-mrpc,glue-rte,glue-sst2,glue-stsb,0.0,0.0,0.0,0.0,0.0,0.0,
0.2,1.0,glue-cola,glue-mnli,glue-mrpc,glue-rte,glue-sst2,glue-stsb,0.0,0.0,0.0,0.0,0.0,0.0,
0.30000000000000004,1.0,glue-cola,glue-mnli,glue-mrpc,glue-rte,glue-sst2,glue-stsb,0.0,0.0,0.0,0.0,0.0,0.0,
0.4,1.0,glue-cola,glue-mnli,glue-mrpc,glue-rte,glue-sst2,glue-stsb,0.0,0.0,0.0,0.0,0.0,0.0,
0.5,1.0,glue-cola,glue-mnli,glue-mrpc,glue-rte,glue-sst2,glue-stsb,0.016299137104506232,0.0,0.0,0.0,0.0036101083032490976,0.01261467889908257,
0.6000000000000001,1.0,glue-cola,glue-mnli,glue-mrpc,glue-rte,glue-sst2,glue-stsb,0.10738255033557047,0.0,0.0,0.0,0.04693140794223827,0.0389908256880734,0.06369783756625957
0.7000000000000001,1.0,glue-cola,glue-mnli,glue-mrpc,glue-rte,glue-sst2,glue-stsb,0.2722914669223394,0.000625,0.0,0.0,0.22382671480144403,0.06422018348623854,0.2467252982961243
0.8,1.0,glue-cola,glue-mnli,glue-mrpc,glue-rte,glue-sst2,glue-stsb,0.3585810162991371,0.031875,0.0,0.0,0.3935018050541516,0.07224770642201835,0.36932616295988724
0.9,1.0,glue-cola,glue-mnli,glue-mrpc,glue-rte,glue-sst2,glue-stsb,0.348993288590604,0.14875,0.0,0.0,0.44404332129963897,0.052752293577981654,0.3964818530702392
1.0,1.0,glue-cola,glue-mnli,glue-mrpc,glue-rte,glue-sst2,glue-stsb,0.29338446788111217,0.275,0.03431372549019608,0.0,0.48014440433212996,0.027522935779816515,0.41807550922560516
0.0,0.25,glue-cola,glue-mnli,glue-qqp,glue-rte,glue-sst2,glue-stsb,0.0,0.0,0.0,0.0,0.0,0.0,
0.1,0.25,glue-cola,glue-mnli,glue-qqp,glue-rte,glue-sst2,glue-stsb,0.0,0.0,0.0,0.0,0.0,0.0,
0.2,0.25,glue-cola,glue-mnli,glue-qqp,glue-rte,glue-sst2,glue-stsb,0.0,0.0,0.0,0.0,0.0,0.0,
0.30000000000000004,0.25,glue-cola,glue-mnli,glue-qqp,glue-rte,glue-sst2,glue-stsb,0.0,0.0,0.0,0.0,0.0,0.0,
0.4,0.25,glue-cola,glue-mnli,glue-qqp,glue-rte,glue-sst2,glue-stsb,0.013422818791946308,0.0,0.0,0.0,0.0,0.0011467889908256881,
0.5,0.25,glue-cola,glue-mnli,glue-qqp,glue-rte,glue-sst2,glue-stsb,0.12847555129434324,0.0,0.0,0.0,0.0,0.009174311926605505,0.17452262156743753
0.6000000000000001,0.25,glue-cola,glue-mnli,glue-qqp,glue-rte,glue-sst2,glue-stsb,0.3566634707574305,0.003125,0.0,0.0,0.010830324909747292,0.01834862385321101,0.4392368072948739
0.7000000000000001,0.25,glue-cola,glue-mnli,glue-qqp,glue-rte,glue-sst2,glue-stsb,0.4218600191754554,0.029375,0.0,0.0,0.1371841155234657,0.013761467889908258,0.5904174518887523
0.8,0.25,glue-cola,glue-mnli,glue-qqp,glue-rte,glue-sst2,glue-stsb,0.3959731543624161,0.130625,0.0,0.0,0.3285198555956679,0.010321100917431193,0.677491072008846
0.9,0.25,glue-cola,glue-mnli,glue-qqp,glue-rte,glue-sst2,glue-stsb,0.3595397890699904,0.235,0.0,0.0,0.34296028880866425,0.0034403669724770644,0.7240482889321116
1.0,0.25,glue-cola,glue-mnli,glue-qqp,glue-rte,glue-sst2,glue-stsb,0.3211888782358581,0.2525,0.0,0.0,0.259927797833935,0.0,0.7773017393205739
0.0,0.5,glue-cola,glue-mnli,glue-qqp,glue-rte,glue-sst2,glue-stsb,0.0,0.0,0.0,0.0,0.0,0.0,
0.1,0.5,glue-cola,glue-mnli,glue-qqp,glue-rte,glue-sst2,glue-stsb,0.0,0.0,0.0,0.0,0.0,0.0,
0.2,0.5,glue-cola,glue-mnli,glue-qqp,glue-rte,glue-sst2,glue-stsb,0.0,0.0,0.0,0.0,0.0,0.0,
0.30000000000000004,0.5,glue-cola,glue-mnli,glue-qqp,glue-rte,glue-sst2,glue-stsb,0.0,0.0,0.0,0.0,0.0,0.0,
0.4,0.5,glue-cola,glue-mnli,glue-qqp,glue-rte,glue-sst2,glue-stsb,0.004793863854266539,0.0,0.0,0.0,0.0,0.0,
0.5,0.5,glue-cola,glue-mnli,glue-qqp,glue-rte,glue-sst2,glue-stsb,0.07094918504314478,0.0,0.0,0.0,0.018050541516245487,0.008027522935779817,0.06369783756625957
0.6000000000000001,0.5,glue-cola,glue-mnli,glue-qqp,glue-rte,glue-sst2,glue-stsb,0.28954937679769893,0.0025,0.0,0.0,0.18411552346570398,0.020642201834862386,0.3342311892718681
0.7000000000000001,0.5,glue-cola,glue-mnli,glue-qqp,glue-rte,glue-sst2,glue-stsb,0.45158197507190795,0.063125,0.0,0.0,0.3898916967509025,0.02522935779816514,0.4679988911219504
0.8,0.5,glue-cola,glue-mnli,glue-qqp,glue-rte,glue-sst2,glue-stsb,0.45158197507190795,0.2175,0.0,0.0,0.47653429602888087,0.0194954128440367,0.5560196046531091
0.9,0.5,glue-cola,glue-mnli,glue-qqp,glue-rte,glue-sst2,glue-stsb,0.4199424736337488,0.336875,0.0,0.0,0.49097472924187724,0.013761467889908258,0.6075074413622515
1.0,0.5,glue-cola,glue-mnli,glue-qqp,glue-rte,glue-sst2,glue-stsb,0.37679769894535,0.38375,0.0,0.0,0.49458483754512633,0.006880733944954129,0.6605635374403108
0.0,0.75,glue-cola,glue-mnli,glue-qqp,glue-rte,glue-sst2,glue-stsb,0.0,0.0,0.0,0.0,0.0,0.0,
0.1,0.75,glue-cola,glue-mnli,glue-qqp,glue-rte,glue-sst2,glue-stsb,0.0,0.0,0.0,0.0,0.0,0.0,
0.2,0.75,glue-cola,glue-mnli,glue-qqp,glue-rte,glue-sst2,glue-stsb,0.0,0.0,0.0,0.0,0.0,0.0,
0.30000000000000004,0.75,glue-cola,glue-mnli,glue-qqp,glue-rte,glue-sst2,glue-stsb,0.0,0.0,0.0,0.0,0.0,0.0,
0.4,0.75,glue-cola,glue-mnli,glue-qqp,glue-rte,glue-sst2,glue-stsb,0.0,0.0,0.0,0.0,0.0,0.0,
0.5,0.75,glue-cola,glue-mnli,glue-qqp,glue-rte,glue-sst2,glue-stsb,0.024928092042186004,0.0,0.0,0.0,0.007220216606498195,0.0034403669724770644,
0.6000000000000001,0.75,glue-cola,glue-mnli,glue-qqp,glue-rte,glue-sst2,glue-stsb,0.14477468839884947,0.0,0.0,0.0,0.06498194945848375,0.022935779816513763,0.06369783756625957
0.7000000000000001,0.75,glue-cola,glue-mnli,glue-qqp,glue-rte,glue-sst2,glue-stsb,0.3537871524448706,0.0075,0.0,0.0,0.2815884476534296,0.03211009174311927,0.2768433362038266
0.8,0.75,glue-cola,glue-mnli,glue-qqp,glue-rte,glue-sst2,glue-stsb,0.46308724832214765,0.075,0.0,0.0,0.4259927797833935,0.04357798165137615,0.37230216089341783
0.9,0.75,glue-cola,glue-mnli,glue-qqp,glue-rte,glue-sst2,glue-stsb,0.4419942473633749,0.23125,0.0,0.0,0.48736462093862815,0.0389908256880734,0.4101621927383555
1.0,0.75,glue-cola,glue-mnli,glue-qqp,glue-rte,glue-sst2,glue-stsb,0.4055608820709492,0.348125,0.0,0.0,0.5090252707581228,0.027522935779816515,0.45678430883568877
0.0,1.0,glue-cola,glue-mnli,glue-qqp,glue-rte,glue-sst2,glue-stsb,0.0,0.0,0.0,0.0,0.0,0.0,
0.1,1.0,glue-cola,glue-mnli,glue-qqp,glue-rte,glue-sst2,glue-stsb,0.0,0.0,0.0,0.0,0.0,0.0,
0.2,1.0,glue-cola,glue-mnli,glue-qqp,glue-rte,glue-sst2,glue-stsb,0.0,0.0,0.0,0.0,0.0,0.0,
0.30000000000000004,1.0,glue-cola,glue-mnli,glue-qqp,glue-rte,glue-sst2,glue-stsb,0.0,0.0,0.0,0.0,0.0,0.0,
0.4,1.0,glue-cola,glue-mnli,glue-qqp,glue-rte,glue-sst2,glue-stsb,0.0,0.0,0.0,0.0,0.0,0.0,
0.5,1.0,glue-cola,glue-mnli,glue-qqp,glue-rte,glue-sst2,glue-stsb,0.010546500479386385,0.0,0.0,0.0,0.0,0.0011467889908256881,
0.6000000000000001,1.0,glue-cola,glue-mnli,glue-qqp,glue-rte,glue-sst2,glue-stsb,0.06807286673058485,0.0,0.0,0.0,0.02888086642599278,0.020642201834862386,0.0267500194504762
0.7000000000000001,1.0,glue-cola,glue-mnli,glue-qqp,glue-rte,glue-sst2,glue-stsb,0.24448705656759348,0.0,0.0,0.0,0.16606498194945848,0.0389908256880734,0.13640143100492222
0.8,1.0,glue-cola,glue-mnli,glue-qqp,glue-rte,glue-sst2,glue-stsb,0.4055608820709492,0.021875,0.0,0.0,0.36823104693140796,0.05733944954128441,0.27766852361808997
0.9,1.0,glue-cola,glue-mnli,glue-qqp,glue-rte,glue-sst2,glue-stsb,0.4458293384467881,0.119375,0.0,0.0,0.4584837545126354,0.05733944954128441,0.3213025696728725
1.0,1.0,glue-cola,glue-mnli,glue-qqp,glue-rte,glue-sst2,glue-stsb,0.4228187919463087,0.270625,0.0,0.0,0.4981949458483754,0.047018348623853214,0.35218638994609475
0.0,0.25,glue-cola,glue-mrpc,glue-qqp,glue-rte,glue-sst2,glue-stsb,0.0,0.0,0.0,0.0,0.0,0.0,
0.1,0.25,glue-cola,glue-mrpc,glue-qqp,glue-rte,glue-sst2,glue-stsb,0.0,0.0,0.0,0.0,0.0,0.0,
0.2,0.25,glue-cola,glue-mrpc,glue-qqp,glue-rte,glue-sst2,glue-stsb,0.0,0.0,0.0,0.0,0.0,0.0,
0.30000000000000004,0.25,glue-cola,glue-mrpc,glue-qqp,glue-rte,glue-sst2,glue-stsb,0.0,0.0,0.0,0.0,0.0,0.0,
0.4,0.25,glue-cola,glue-mrpc,glue-qqp,glue-rte,glue-sst2,glue-stsb,0.006711409395973154,0.0,0.0,0.0,0.0,0.0034403669724770644,
0.5,0.25,glue-cola,glue-mrpc,glue-qqp,glue-rte,glue-sst2,glue-stsb,0.04985618408437201,0.0,0.0,0.0,0.0,0.052752293577981654,0.24595581656177953
0.6000000000000001,0.25,glue-cola,glue-mrpc,glue-qqp,glue-rte,glue-sst2,glue-stsb,0.04697986577181208,0.0,0.0,0.0,0.0,0.0963302752293578,0.5326527691777488
0.7000000000000001,0.25,glue-cola,glue-mrpc,glue-qqp,glue-rte,glue-sst2,glue-stsb,0.026845637583892617,0.0,0.0,0.0,0.0,0.05733944954128441,0.6480216754590574
0.8,0.25,glue-cola,glue-mrpc,glue-qqp,glue-rte,glue-sst2,glue-stsb,0.013422818791946308,0.0,0.0,0.0,0.0,0.02408256880733945,0.6501408714155874
0.9,0.25,glue-cola,glue-mrpc,glue-qqp,glue-rte,glue-sst2,glue-stsb,0.0028763183125599234,0.0,0.012254901960784314,0.0,0.0,0.008027522935779817,0.6460948903193097
1.0,0.25,glue-cola,glue-mrpc,glue-qqp,glue-rte,glue-sst2,glue-stsb,0.0009587727708533077,0.0,0.10784313725490197,0.00125,0.0036101083032490976,0.0022935779816513763,0.6448179948727086
0.0,0.5,glue-cola,glue-mrpc,glue-qqp,glue-rte,glue-sst2,glue-stsb,0.0,0.0,0.0,0.0,0.0,0.0,
0.1,0.5,glue-cola,glue-mrpc,glue-qqp,glue-rte,glue-sst2,glue-stsb,0.0,0.0,0.0,0.0,0.0,0.0,
0.2,0.5,glue-cola,glue-mrpc,glue-qqp,glue-rte,glue-sst2,glue-stsb,0.0,0.0,0.0,0.0,0.0,0.0,
0.30000000000000004,0.5,glue-cola,glue-mrpc,glue-qqp,glue-rte,glue-sst2,glue-stsb,0.0,0.0,0.0,0.0,0.0,0.0,
0.4,0.5,glue-cola,glue-mrpc,glue-qqp,glue-rte,glue-sst2,glue-stsb,0.0009587727708533077,0.0,0.0,0.0,0.0,0.0011467889908256881,
0.5,0.5,glue-cola,glue-mrpc,glue-qqp,glue-rte,glue-sst2,glue-stsb,0.032598274209012464,0.0,0.0,0.0,0.0,0.03211009174311927,0.08527484260634195
0.6000000000000001,0.5,glue-cola,glue-mrpc,glue-qqp,glue-rte,glue-sst2,glue-stsb,0.06423777564717162,0.0,0.0,0.0,0.0,0.0963302752293578,0.3809465126955274
0.7000000000000001,0.5,glue-cola,glue-mrpc,glue-qqp,glue-rte,glue-sst2,glue-stsb,0.05081495685522531,0.0,0.09803921568627451,0.010625,0.0,0.10665137614678899,0.588480307934793
0.8,0.5,glue-cola,glue-mrpc,glue-qqp,glue-rte,glue-sst2,glue-stsb,0.027804410354745925,0.0,0.27450980392156865,0.09875,0.0,0.05963302752293578,0.6538042753430794
0.9,0.5,glue-cola,glue-mrpc,glue-qqp,glue-rte,glue-sst2,glue-stsb,0.013422818791946308,0.0,0.2965686274509804,0.219375,0.0,0.02408256880733945,0.6525794294696181
1.0,0.5,glue-cola,glue-mrpc,glue-qqp,glue-rte,glue-sst2,glue-stsb,0.0028763183125599234,0.0,0.30637254901960786,0.295,0.0,0.010321100917431193,0.6487626321485592
0.0,0.75,glue-cola,glue-mrpc,glue-qqp,glue-rte,glue-sst2,glue-stsb,0.0,0.0,0.0,0.0,0.0,0.0,
0.1,0.75,glue-cola,glue-mrpc,glue-qqp,glue-rte,glue-sst2,glue-stsb,0.0,0.0,0.0,0.0,0.0,0.0,
0.2,0.75,glue-cola,glue-mrpc,glue-qqp,glue-rte,glue-sst2,glue-stsb,0.0,0.0,0.0,0.0,0.0,0.0,
0.30000000000000004,0.75,glue-cola,glue-mrpc,glue-qqp,glue-rte,glue-sst2,glue-stsb,0.0,0.0,0.0,0.0,0.0,0.0,
0.4,0.75,glue-cola,glue-mrpc,glue-qqp,glue-rte,glue-sst2,glue-stsb,0.0,0.0,0.0,0.0,0.0,0.0,
0.5,0.75,glue-cola,glue-mrpc,glue-qqp,glue-rte,glue-sst2,glue-stsb,0.00862895493767977,0.0,0.0,0.0,0.0,0.013761467889908258,
0.6000000000000001,0.75,glue-cola,glue-mrpc,glue-qqp,glue-rte,glue-sst2,glue-stsb,0.04697986577181208,0.0,0.0,0.0,0.0,0.06880733944954129,0.08340568309726591
0.7000000000000001,0.75,glue-cola,glue-mrpc,glue-qqp,glue-rte,glue-sst2,glue-stsb,0.05081495685522531,0.0,0.0024509803921568627,0.00125,0.0,0.13188073394495411,0.29544241810745964
0.8,0.75,glue-cola,glue-mrpc,glue-qqp,glue-rte,glue-sst2,glue-stsb,0.037392138063279005,0.0,0.0784313725490196,0.015625,0.0,0.12041284403669725,0.5088705583975701
0.9,0.75,glue-cola,glue-mrpc,glue-qqp,glue-rte,glue-sst2,glue-stsb,0.01821668264621285,0.0,0.24754901960784315,0.08875,0.0,0.0676605504587156,0.6198999629820751
1.0,0.75,glue-cola,glue-mrpc,glue-qqp,glue-rte,glue-sst2,glue-stsb,0.006711409395973154,0.0,0.29411764705882354,0.19625,0.0,0.033256880733944956,0.6398260546001775
0.0,1.0,glue-cola,glue-mrpc,glue-qqp,glue-rte,glue-sst2,glue-stsb,0.0,0.0,0.0,0.0,0.0,0.0,
0.1,1.0,glue-cola,glue-mrpc,glue-qqp,glue-rte,glue-sst2,glue-stsb,0.0,0.0,0.0,0.0,0.0,0.0,
0.2,1.0,glue-cola,glue-mrpc,glue-qqp,glue-rte,glue-sst2,glue-stsb,0.0,0.0,0.0,0.0,0.0,0.0,
0.30000000000000004,1.0,glue-cola,glue-mrpc,glue-qqp,glue-rte,glue-sst2,glue-stsb,0.0,0.0,0.0,0.0,0.0,0.0,
0.4,1.0,glue-cola,glue-mrpc,glue-qqp,glue-rte,glue-sst2,glue-stsb,0.0,0.0,0.0,0.0,0.0,0.0,
0.5,1.0,glue-cola,glue-mrpc,glue-qqp,glue-rte,glue-sst2,glue-stsb,0.0019175455417066154,0.0,0.0,0.0,0.0,0.0045871559633027525,
0.6000000000000001,1.0,glue-cola,glue-mrpc,glue-qqp,glue-rte,glue-sst2,glue-stsb,0.028763183125599234,0.0,0.0,0.0,0.0,0.051605504587155966,0.0267500194504762
0.7000000000000001,1.0,glue-cola,glue-mrpc,glue-qqp,glue-rte,glue-sst2,glue-stsb,0.04410354745925216,0.0,0.0,0.0,0.0,0.13188073394495411,0.156044730339958
0.8,1.0,glue-cola,glue-mrpc,glue-qqp,glue-rte,glue-sst2,glue-stsb,0.037392138063279005,0.0,0.007352941176470588,0.001875,0.0,0.1536697247706422,0.3224013634969111
0.9,1.0,glue-cola,glue-mrpc,glue-qqp,glue-rte,glue-sst2,glue-stsb,0.02109300095877277,0.0,0.09068627450980392,0.030625,0.0,0.10321100917431193,0.5063801873262267
1.0,1.0,glue-cola,glue-mrpc,glue-qqp,glue-rte,glue-sst2,glue-stsb,0.009587727708533078,0.0,0.25,0.11125,0.0,0.05733944954128441,0.60085933651866
0.0,0.25,glue-mnli,glue-mrpc,glue-qqp,glue-rte,glue-sst2,glue-stsb,0.0,0.0,0.0,0.0,0.0,0.0,
0.1,0.25,glue-mnli,glue-mrpc,glue-qqp,glue-rte,glue-sst2,glue-stsb,0.0,0.0,0.0,0.0,0.0,0.0,
0.2,0.25,glue-mnli,glue-mrpc,glue-qqp,glue-rte,glue-sst2,glue-stsb,0.0,0.0,0.0,0.0,0.0,0.0,
0.30000000000000004,0.25,glue-mnli,glue-mrpc,glue-qqp,glue-rte,glue-sst2,glue-stsb,0.0,0.0,0.0,0.0,0.0,0.0,
0.4,0.25,glue-mnli,glue-mrpc,glue-qqp,glue-rte,glue-sst2,glue-stsb,0.0,0.0,0.0,0.0,0.0,0.0,
0.5,0.25,glue-mnli,glue-mrpc,glue-qqp,glue-rte,glue-sst2,glue-stsb,0.0,0.0,0.0,0.0,0.0,0.0011467889908256881,0.23485728661257302
0.6000000000000001,0.25,glue-mnli,glue-mrpc,glue-qqp,glue-rte,glue-sst2,glue-stsb,0.0,0.0,0.0,0.0,0.018050541516245487,0.008027522935779817,0.4918527119802577
0.7000000000000001,0.25,glue-mnli,glue-mrpc,glue-qqp,glue-rte,glue-sst2,glue-stsb,0.0,0.041875,0.0,0.0,0.17689530685920576,0.010321100917431193,0.611278548737539
0.8,0.25,glue-mnli,glue-mrpc,glue-qqp,glue-rte,glue-sst2,glue-stsb,0.0,0.175,0.0,0.0,0.3140794223826715,0.0045871559633027525,0.648871380729486
0.9,0.25,glue-mnli,glue-mrpc,glue-qqp,glue-rte,glue-sst2,glue-stsb,0.0,0.215,0.0024509803921568627,0.0,0.2563176895306859,0.0022935779816513763,0.6690634759158226
1.0,0.25,glue-mnli,glue-mrpc,glue-qqp,glue-rte,glue-sst2,glue-stsb,0.0,0.19625,0.041666666666666664,0.0,0.36462093862815886,0.0,0.6687269102235244
0.0,0.5,glue-mnli,glue-mrpc,glue-qqp,glue-rte,glue-sst2,glue-stsb,0.0,0.0,0.0,0.0,0.0,0.0,
0.1,0.5,glue-mnli,glue-mrpc,glue-qqp,glue-rte,glue-sst2,glue-stsb,0.0,0.0,0.0,0.0,0.0,0.0,
0.2,0.5,glue-mnli,glue-mrpc,glue-qqp,glue-rte,glue-sst2,glue-stsb,0.0,0.0,0.0,0.0,0.0,0.0,
0.30000000000000004,0.5,glue-mnli,glue-mrpc,glue-qqp,glue-rte,glue-sst2,glue-stsb,0.0,0.0,0.0,0.0,0.0,0.0,
0.4,0.5,glue-mnli,glue-mrpc,glue-qqp,glue-rte,glue-sst2,glue-stsb,0.0,0.0,0.0,0.0,0.0,0.0,
0.5,0.5,glue-mnli,glue-mrpc,glue-qqp,glue-rte,glue-sst2,glue-stsb,0.0,0.0,0.0,0.0,0.032490974729241874,0.0011467889908256881,0.12801720551040446
0.6000000000000001,0.5,glue-mnli,glue-mrpc,glue-qqp,glue-rte,glue-sst2,glue-stsb,0.0,0.004375,0.0,0.0,0.21299638989169675,0.0045871559633027525,0.3589323614798811
0.7000000000000001,0.5,glue-mnli,glue-mrpc,glue-qqp,glue-rte,glue-sst2,glue-stsb,0.0,0.063125,0.0784313725490196,0.00125,0.38267148014440433,0.009174311926605505,0.46712570405927145
0.8,0.5,glue-mnli,glue-mrpc,glue-qqp,glue-rte,glue-sst2,glue-stsb,0.0,0.205625,0.22303921568627452,0.03875,0.4223826714801444,0.010321100917431193,0.5390729100853466
0.9,0.5,glue-mnli,glue-mrpc,glue-qqp,glue-rte,glue-sst2,glue-stsb,0.0,0.275,0.23774509803921567,0.135625,0.4007220216606498,0.0034403669724770644,0.5698055483961619
1.0,0.5,glue-mnli,glue-mrpc,glue-qqp,glue-rte,glue-sst2,glue-stsb,0.0,0.285,0.24754901960784315,0.200625,0.3212996389891697,0.0011467889908256881,0.5980607262872301
0.0,0.75,glue-mnli,glue-mrpc,glue-qqp,glue-rte,glue-sst2,glue-stsb,0.0,0.0,0.0,0.0,0.0,0.0,
0.1,0.75,glue-mnli,glue-mrpc,glue-qqp,glue-rte,glue-sst2,glue-stsb,0.0,0.0,0.0,0.0,0.0,0.0,
0.2,0.75,glue-mnli,glue-mrpc,glue-qqp,glue-rte,glue-sst2,glue-stsb,0.0,0.0,0.0,0.0,0.0,0.0,
0.30000000000000004,0.75,glue-mnli,glue-mrpc,glue-qqp,glue-rte,glue-sst2,glue-stsb,0.0,0.0,0.0,0.0,0.0,0.0,
0.4,0.75,glue-mnli,glue-mrpc,glue-qqp,glue-rte,glue-sst2,glue-stsb,0.0,0.0,0.0,0.0,0.0,0.0,
0.5,0.75,glue-mnli,glue-mrpc,glue-qqp,glue-rte,glue-sst2,glue-stsb,0.0,0.0,0.0,0.0,0.007220216606498195,0.0,
0.6000000000000001,0.75,glue-mnli,glue-mrpc,glue-qqp,glue-rte,glue-sst2,glue-stsb,0.0,0.0,0.0,0.0,0.09386281588447654,0.0022935779816513763,0.13919859257228037
0.7000000000000001,0.75,glue-mnli,glue-mrpc,glue-qqp,glue-rte,glue-sst2,glue-stsb,0.0,0.005,0.0024509803921568627,0.0,0.296028880866426,0.008027522935779817,0.31353768386811176
0.8,0.75,glue-mnli,glue-mrpc,glue-qqp,glue-rte,glue-sst2,glue-stsb,0.0,0.080625,0.07352941176470588,0.004375,0.40794223826714804,0.0194954128440367,0.37972255233905716
0.9,0.75,glue-mnli,glue-mrpc,glue-qqp,glue-rte,glue-sst2,glue-stsb,0.0,0.206875,0.20833333333333334,0.055,0.4259927797833935,0.01834862385321101,0.400975742702717
1.0,0.75,glue-mnli,glue-mrpc,glue-qqp,glue-rte,glue-sst2,glue-stsb,0.0,0.274375,0.2426470588235294,0.12875,0.4223826714801444,0.008027522935779817,0.4130298379262807
0.0,1.0,glue-mnli,glue-mrpc,glue-qqp,glue-rte,glue-sst2,glue-stsb,0.0,0.0,0.0,0.0,0.0,0.0,
0.1,1.0,glue-mnli,glue-mrpc,glue-qqp,glue-rte,glue-sst2,glue-stsb,0.0,0.0,0.0,0.0,0.0,0.0,
0.2,1.0,glue-mnli,glue-mrpc,glue-qqp,glue-rte,glue-sst2,glue-stsb,0.0,0.0,0.0,0.0,0.0,0.0,
0.30000000000000004,1.0,glue-mnli,glue-mrpc,glue-qqp,glue-rte,glue-sst2,glue-stsb,0.0,0.0,0.0,0.0,0.0,0.0,
0.4,1.0,glue-mnli,glue-mrpc,glue-qqp,glue-rte,glue-sst2,glue-stsb,0.0,0.0,0.0,0.0,0.0,0.0,
0.5,1.0,glue-mnli,glue-mrpc,glue-qqp,glue-rte,glue-sst2,glue-stsb,0.0,0.0,0.0,0.0,0.0036101083032490976,0.0,
0.6000000000000001,1.0,glue-mnli,glue-mrpc,glue-qqp,glue-rte,glue-sst2,glue-stsb,0.0,0.0,0.0,0.0,0.039711191335740074,0.0011467889908256881,0.0267500194504762
0.7000000000000001,1.0,glue-mnli,glue-mrpc,glue-qqp,glue-rte,glue-sst2,glue-stsb,0.0,0.000625,0.0,0.0,0.19855595667870035,0.008027522935779817,0.17238276964700072
0.8,1.0,glue-mnli,glue-mrpc,glue-qqp,glue-rte,glue-sst2,glue-stsb,0.0,0.01625,0.004901960784313725,0.000625,0.36823104693140796,0.020642201834862386,0.28209932811319954
0.9,1.0,glue-mnli,glue-mrpc,glue-qqp,glue-rte,glue-sst2,glue-stsb,0.0,0.113125,0.0784313725490196,0.005625,0.4187725631768953,0.02981651376146789,0.32803775589164297
1.0,1.0,glue-mnli,glue-mrpc,glue-qqp,glue-rte,glue-sst2,glue-stsb,0.0,0.226875,0.2107843137254902,0.06125,0.4151624548736462,0.022935779816513763,0.33817673203570486
